,rename_paper,change_org
min,0.26256656646728516,0.25835537910461426
max,0.384397029876709,0.6908135414123535
mean,0.2892008781433105,0.3079897403717041
