,create_papers,create_authors,create_references,create_authorships,fill_database,clear_database
min,0.40126681327819824,0.5753214359283447,0.426471471786499,0.44498586654663086,1.8537111282348633,0.30242323875427246
max,0.40692830085754395,0.706531286239624,0.5687203407287598,0.4600081443786621,1.9949991703033447,0.3230855464935303
mean,0.40353801250457766,0.5896387100219727,0.4454725980758667,0.4510046005249023,1.8896539211273193,0.30567781925201415
