,create_papers,create_authors,create_references,create_authorships,fill_database,clear_database
min,0.38998913764953613,0.5616724491119385,0.4145009517669678,0.43266749382019043,1.805616855621338,0.28928446769714355
max,0.39394235610961914,0.5668342113494873,0.5551817417144775,0.461209774017334,1.9693806171417236,0.30402541160583496
mean,0.39160590171813964,0.5642929315567017,0.4441679954528809,0.44093353748321534,1.8410003662109375,0.29454014301300047
