,create_paper,create_author,create_reference,create_authorship
min,0.21303391456604004,0.21499991416931152,0.21596741676330566,0.21299958229064941
max,0.29099512100219727,0.32503819465637207,0.28896307945251465,0.23199939727783203
mean,0.23108971118927002,0.23240604400634765,0.23108930587768556,0.21651003360748292
