,create_paper,create_author,create_reference,create_authorship
min,0.1490006446838379,0.1500105857849121,0.1493210792541504,0.14686107635498047
max,0.16145730018615723,0.16651701927185059,0.198089599609375,0.19067645072937012
mean,0.15223283767700196,0.15347514152526856,0.1594069480895996,0.15744004249572754
