,create_paper,create_author,create_reference,create_authorship
min,0.32213807106018066,0.34607362747192383,0.3500630855560303,0.3390934467315674
max,0.32213807106018066,0.34607362747192383,0.3500630855560303,0.3390934467315674
mean,0.32213807106018066,0.34607362747192383,0.3500630855560303,0.3390934467315674
