,rename_paper,change_org
min,0.001983165740966797,0.0019881725311279297
max,2.073875904083252,0.0069980621337890625
mean,0.21019399166107178,0.003092336654663086
