,create_paper,create_author,create_reference,create_authorship
min,0.0029647350311279297,0.0029993057250976562,0.0029647350311279297,0.0019631385803222656
max,0.007025480270385742,0.008155345916748047,0.012855052947998047,0.009965896606445312
mean,0.003749281167984009,0.0037833750247955322,0.00471872091293335,0.00337335467338562
