,delete_paper,delete_author
min,0.0019998550415039062,0.0019991397857666016
max,2.0579981803894043,0.007002115249633789
mean,0.2087996244430542,0.002900242805480957
