,rename_paper,change_org
min,0.2511446475982666,0.25187206268310547
max,1.3252265453338623,0.2599625587463379
mean,0.3598769187927246,0.25368452072143555
