,create_paper,create_author,create_reference,create_authorship
min,0.0060007572174072266,0.0050013065338134766,0.005997896194458008,0.00299835205078125
max,0.008000850677490234,0.007001399993896484,0.007000446319580078,0.006003141403198242
mean,0.006799840927124023,0.005846881866455078,0.00620112419128418,0.004000186920166016
