,create_paper,create_author,create_reference,create_authorship
min,0.15010285377502441,0.14939618110656738,0.1522386074066162,0.14920616149902344
max,0.4709506034851074,0.16022229194641113,0.19230270385742188,0.19935917854309082
mean,0.20413777828216553,0.15372300148010254,0.1589627742767334,0.15614783763885498
