,create_paper,create_author,create_reference,create_authorship
min,0.004957914352416992,0.003999233245849609,0.004996776580810547,0.003996372222900391
max,0.006000518798828125,0.00599980354309082,0.007999420166015625,0.005000114440917969
mean,0.005382251739501953,0.004999923706054688,0.0058001518249511715,0.004415321350097656
