,title_of_paper,authors_of,are_collaborators,mean_authors_per_paper
min,0.20699810981750488,0.21000289916992188,0.21196699142456055,0.21301937103271484
max,0.26096057891845703,0.29899024963378906,0.35000181198120117,0.25696539878845215
mean,0.22298886775970458,0.22821640968322754,0.23619775772094725,0.23589677810668946
