,clear_database,create_papers,create_authors,create_references,create_authorships,fill_database
min,1.445387840270996,0.3605804443359375,0.3939204216003418,0.43452000617980957,0.34473228454589844,2.9791409969329834
max,1.445387840270996,0.3605804443359375,0.3939204216003418,0.43452000617980957,0.34473228454589844,2.9791409969329834
mean,1.445387840270996,0.3605804443359375,0.3939204216003418,0.43452000617980957,0.34473228454589844,2.9791409969329834
