,clear_database,create_papers,create_authors,create_references,create_authorships,fill_database
min,0.009997844696044922,0.003996133804321289,0.006967306137084961,0.01199960708618164,0.015034198760986328,2.1586127281188965
max,2.0757315158843994,0.009966611862182617,0.011986494064331055,0.02697134017944336,0.03395676612854004,2.5324759483337402
mean,0.2689778208732605,0.005614608526229858,0.007742971181869507,0.015233397483825684,0.018990695476531982,2.347755879163742
