,delete_paper,delete_author
min,0.0019960403442382812,0.0019636154174804688
max,2.080033540725708,0.014968156814575195
mean,0.21020104885101318,0.003598809242248535
