,rename_paper,change_org
min,0.25193333625793457,0.25343799591064453
max,1.3109185695648193,0.2591972351074219
mean,0.3625956058502197,0.25627200603485106
