,clear_database,create_papers,create_authors,create_references,create_authorships,fill_database
min,0.014002323150634766,0.007996797561645508,0.012043237686157227,0.014959335327148438,0.017997026443481445,2.1778039932250977
max,2.1028060913085938,0.010996818542480469,0.02000141143798828,0.01800060272216797,0.02599930763244629,2.491882085800171
mean,0.43436226844787595,0.009998798370361328,0.016209745407104494,0.016596412658691405,0.021209192276000977,2.3400388240814207
