,clear_database,create_papers,create_authors,create_references,create_authorships,fill_database
min,0.007001399993896484,0.0049991607666015625,0.004999637603759766,0.008996248245239258,0.007999181747436523,2.1423449516296387
max,2.1093482971191406,0.008002758026123047,0.007999658584594727,0.010000944137573242,0.009000539779663086,2.302706003189087
mean,0.42873668670654297,0.006599044799804688,0.0070015907287597655,0.009596967697143554,0.008606910705566406,2.2232269287109374
