,create_papers,create_authors,create_references,create_authorships,fill_database,clear_database
min,0.15192937850952148,0.15511035919189453,0.16655397415161133,0.18605494499206543,0.6644515991210938,0.16753149032592773
max,0.16347241401672363,0.17953133583068848,0.21512794494628906,0.24615716934204102,0.7842023372650146,0.20217347145080566
mean,0.15598373413085936,0.15999946594238282,0.18222947120666505,0.2035954475402832,0.7018081188201905,0.1750826358795166
