,clear_database,create_papers,create_authors,create_references,create_authorships,fill_database
min,1.4475693702697754,0.3430814743041992,0.3869645595550537,0.418881893157959,0.4148879051208496,3.011385202407837
max,1.4475693702697754,0.3430814743041992,0.3869645595550537,0.418881893157959,0.4148879051208496,3.011385202407837
mean,1.4475693702697754,0.3430814743041992,0.3869645595550537,0.418881893157959,0.4148879051208496,3.011385202407837
