,rename_paper,change_org
min,0.25278139114379883,0.2525355815887451
max,1.4422404766082764,0.3280036449432373
mean,0.37360990047454834,0.26225478649139405
