,create_paper,create_author,create_reference,create_authorship
min,0.004964590072631836,0.0049610137939453125,0.005001068115234375,0.0039997100830078125
max,0.006999492645263672,0.008000373840332031,0.007999420166015625,0.006002187728881836
mean,0.00599818229675293,0.0061928749084472655,0.006199836730957031,0.004993295669555664
