,clear_database,create_papers,create_authors,create_references,create_authorships,fill_database
min,0.003999471664428711,0.0029993057250976562,0.003998756408691406,0.004998922348022461,0.0039997100830078125,2.0946061611175537
max,2.0715219974517822,0.005000591278076172,0.0050008296966552734,0.008005142211914062,0.007987737655639648,2.2926025390625
mean,0.2348371081882053,0.004115184148152669,0.0041147338019477,0.006223917007446289,0.005442672305636936,2.197159210840861
