,create_paper,create_author,create_reference,create_authorship
min,0.0029990673065185547,0.002999544143676758,0.0029997825622558594,0.0019989013671875
max,0.007999420166015625,0.008029460906982422,0.011970996856689453,0.009998798370361328
mean,0.004002703560723199,0.0040026505788167315,0.004883660210503472,0.003111018074883355
