,clear_database,create_papers,create_authors,create_references,create_authorships,fill_database
min,0.07796001434326172,0.03199958801269531,0.11201739311218262,1.4749834537506104,0.517998456954956,4.354635000228882
max,2.1526331901550293,0.040001869201660156,0.1289968490600586,1.5200014114379883,0.549962043762207,13.396664381027222
mean,0.4977980613708496,0.035602235794067384,0.1232025146484375,1.492411994934082,0.5303180694580079,8.895053386688232
