,create_paper,create_author,create_reference,create_authorship
min,0.0031862258911132812,0.0029993057250976562,0.003961324691772461,0.0028307437896728516
max,0.008000612258911133,0.007000446319580078,0.012998580932617188,0.011002540588378906
mean,0.00462031364440918,0.004295519420078823,0.005705015999930245,0.004241432462419782
