,create_papers,create_authors,create_references,create_authorships,fill_database,clear_database
min,0.16400432586669922,0.18010807037353516,3.0890069007873535,1.095630407333374,4.585165739059448,0.26606082916259766
max,0.2768983840942383,0.23520755767822266,3.500688076019287,1.6351890563964844,5.290457487106323,0.29747557640075684
mean,0.18126683235168456,0.19015026092529297,3.2344271659851076,1.274832272529602,4.880676531791687,0.2749726057052612
