,clear_database,create_papers,create_authors,create_references,create_authorships,fill_database
min,0.7100028991699219,0.13856840133666992,0.23870587348937988,242.66970705986023,89.38121318817139,352.63852548599243
max,2.4814705848693848,0.16099905967712402,0.3300015926361084,257.01383662223816,100.62490367889404,2065.8469004631042
mean,1.0840814510981243,0.14710827668507895,0.26551727453867596,249.38886694113413,93.4222428003947,1219.226014971733
