,create_paper,create_author,create_reference,create_authorship
min,0.1470634937286377,0.1472461223602295,0.14939117431640625,0.14568090438842773
max,0.2172985076904297,0.16217637062072754,0.19347238540649414,0.18596220016479492
mean,0.15886049270629882,0.15187323093414307,0.15572571754455566,0.15165989398956298
