,rename_paper,change_org
min,0.0039997100830078125,0.0049533843994140625
max,2.0870354175567627,0.0219724178314209
mean,0.21311850547790528,0.008281660079956055
