,create_paper,create_author,create_reference,create_authorship
min,0.14916515350341797,0.15034008026123047,0.1494436264038086,0.1464369297027588
max,0.15800714492797852,0.1565263271331787,0.15580439567565918,0.16450977325439453
mean,0.1520153284072876,0.15251259803771972,0.1517652988433838,0.15049481391906738
