,delete_authorship,delete_paper,delete_author
min,0.2619187831878662,0.25698137283325195,0.2565298080444336
max,0.31351518630981445,0.27018070220947266,0.38324856758117676
mean,0.27694993019104003,0.2596215009689331,0.27160828113555907
