,rename_paper,change_org
min,0.2599363327026367,0.2614779472351074
max,1.330545425415039,0.2779350280761719
mean,0.3700655698776245,0.26493837833404543
