,clear_database,create_papers,create_authors,create_references,create_authorships,fill_database
min,1.5101141929626465,7.836812734603882,11.58964490890503,22.64254140853882,8.371864795684814,51.95097804069519
max,1.5101141929626465,7.836812734603882,11.58964490890503,22.64254140853882,8.371864795684814,51.95097804069519
mean,1.5101141929626465,7.836812734603882,11.58964490890503,22.64254140853882,8.371864795684814,51.95097804069519
