,create_paper,create_author,create_reference,create_authorship
min,0.14750409126281738,0.1464226245880127,0.1474921703338623,0.14500117301940918
max,0.1766376495361328,0.15329718589782715,0.20672988891601562,0.1957254409790039
mean,0.15250647068023682,0.14960663318634032,0.15602543354034423,0.1540736436843872
