,rename_paper,change_org
min,0.21899700164794922,0.2180027961730957
max,0.2909994125366211,0.25500059127807617
mean,0.23270254135131835,0.23020100593566895
