,create_paper,create_author,create_reference,create_authorship
min,0.002999544143676758,0.0029938220977783203,0.0068206787109375,0.003998756408691406
max,0.004872798919677734,0.0046160221099853516,0.008996009826660156,0.007003068923950195
mean,0.0039261579513549805,0.0036208629608154297,0.007383187611897786,0.005218863487243652
