,delete_paper,delete_author
min,0.003998517990112305,0.005999088287353516
max,2.0740015506744385,0.0189969539642334
mean,0.21170012950897216,0.007699990272521972
