,create_paper,create_author,create_reference,create_authorship
min,0.21586155891418457,0.2152116298675537,0.2152554988861084,0.2150404453277588
max,0.21586155891418457,0.2152116298675537,0.2152554988861084,0.2150404453277588
mean,0.21586155891418457,0.2152116298675537,0.2152554988861084,0.2150404453277588
