,clear_database,create_papers,create_authors,create_references,create_authorships,fill_database
min,0.06583333015441895,0.013999462127685547,0.02400064468383789,1.6322743892669678,0.5810027122497559,4.452072381973267
max,2.087822914123535,0.021000146865844727,0.030000686645507812,1.6970040798187256,0.6300010681152344,18.694247245788574
mean,0.3589686666216169,0.016077211924961636,0.02585278238568987,1.6716465268816267,0.5980615615844727,11.583754914147514
