,create_paper,create_author,create_reference,create_authorship
min,0.14639902114868164,0.14753198623657227,0.14728379249572754,0.14650845527648926
max,0.22859668731689453,0.16425657272338867,0.2122504711151123,0.23892450332641602
mean,0.16021490097045898,0.15172052383422852,0.15621743202209473,0.1572115898132324
