,rename_paper,change_org
min,0.001974821090698242,0.002026081085205078
max,2.0550003051757812,0.01796245574951172
mean,0.20799291133880615,0.0045052051544189455
