,rename_paper,change_org
min,0.0019750595092773438,0.0019636154174804688
max,2.0580356121063232,0.017966747283935547
mean,0.20790886878967285,0.004392886161804199
