,delete_paper,delete_author
min,0.0020036697387695312,0.0019736289978027344
max,2.0509626865386963,0.01501154899597168
mean,0.2075974464416504,0.003998804092407227
